Cubist-Cubist A,Cubist-Cubist B,Cubist-Cubist Cosine,Same/Diff,N,Percent Correct,Impressionist-Impressionist A,Impressionist-Impressionist B,Impressionist-Impressionist Cosine,Same/Diff,N,Percent Correct,Cubist-Impressionist A,Cubist-Impressionist B,Cubist-Impressionist Cosine,Same/Diff,N,Percent Correct
0945-cubist-16x16.jpg,0363-cubist-16x16.jpg,0.929948003810894,same category,30,93.3333333333333%,2266-impressionist-16x16.jpg,1922-impressionist-16x16.jpg,0.944613469173856,same category,60,93.3333333333333%,1124-cubist-16x16.jpg,1619-impressionist-16x16.jpg,0.508307171455256,different categories,12,100%
0189-cubist-16x16.jpg,0188-cubist-16x16.jpg,0.948763710171942,same category,42,90.4761904761905%,2276-impressionist-16x16.jpg,1467-impressionist-16x16.jpg,0.942701295046633,same category,52,90.3846153846154%,0454-cubist-16x16.jpg,1918-impressionist-16x16.jpg,0.629466528758459,different categories,26,100%
0895-cubist-16x16.jpg,0227-cubist-16x16.jpg,0.927734965134173,same category,18,88.8888888888889%,1680-impressionist-16x16.jpg,1512-impressionist-16x16.jpg,0.965895316024303,same category,18,88.8888888888889%,0752-cubist-16x16.jpg,2233-impressionist-16x16.jpg,0.587508593968868,different categories,92,90.2173913043478%
0463-cubist-16x16.jpg,0461-cubist-16x16.jpg,0.950264546968158,same category,42,88.0952380952381%,2331-impressionist-16x16.jpg,1341-impressionist-16x16.jpg,0.970314672285394,same category,42,88.0952380952381%,0074-cubist-16x16.jpg,1517-impressionist-16x16.jpg,0.616830140494569,different categories,92,90.2173913043478%
1262-cubist-16x16.jpg,0899-cubist-16x16.jpg,0.910429359627980,same category,54,87.037037037037%,1972-impressionist-16x16.jpg,1969-impressionist-16x16.jpg,0.979217460517963,same category,54,87.037037037037%,0087-cubist-16x16.jpg,1520-impressionist-16x16.jpg,0.570962680153441,different categories,18,88.8888888888889%
1255-cubist-16x16.jpg,0490-cubist-16x16.jpg,0.934563743849727,same category,56,83.9285714285714%,1782-impressionist-16x16.jpg,1775-impressionist-16x16.jpg,0.944027548694958,same category,56,83.9285714285714%,0341-cubist-16x16.jpg,1816-impressionist-16x16.jpg,0.574808849087792,different categories,18,88.8888888888889%
1181-cubist-16x16.jpg,0971-cubist-16x16.jpg,0.952454190694537,same category,48,83.3333333333333%,2202-impressionist-16x16.jpg,1388-impressionist-16x16.jpg,0.976506189747177,same category,42,83.3333333333333%,0320-cubist-16x16.jpg,1720-impressionist-16x16.jpg,0.681726543983042,different categories,92,88.0434782608696%
0550-cubist-16x16.jpg,0176-cubist-16x16.jpg,0.930764397754935,same category,30,83.3333333333333%,1777-impressionist-16x16.jpg,1640-impressionist-16x16.jpg,0.93992136801536,same category,66,83.3333333333333%,1197-cubist-16x16.jpg,1963-impressionist-16x16.jpg,0.693696263371904,different categories,92,88.0434782608696%
0136-cubist-16x16.jpg,0096-cubist-16x16.jpg,0.867262183050813,same category,92,82.6086956521739%,2524-impressionist-16x16.jpg,1345-impressionist-16x16.jpg,0.941798007129566,same category,92,82.6086956521739%,0117-cubist-16x16.jpg,1385-impressionist-16x16.jpg,0.585905940094537,different categories,92,86.9565217391304%
1264-cubist-16x16.jpg,0831-cubist-16x16.jpg,0.924553252333242,same category,92,81.5217391304348%,2078-impressionist-16x16.jpg,1887-impressionist-16x16.jpg,0.937524104401638,same category,92,81.5217391304348%,1104-cubist-16x16.jpg,2497-impressionist-16x16.jpg,0.704491630610676,different categories,92,86.9565217391304%
0191-cubist-16x16.jpg,0181-cubist-16x16.jpg,0.955240967165185,same category,54,81.4814814814815%,2173-impressionist-16x16.jpg,1367-impressionist-16x16.jpg,0.947961262696267,same category,48,81.25%,0797-cubist-16x16.jpg,2167-impressionist-16x16.jpg,0.683424519638562,different categories,56,83.9285714285714%
0855-cubist-16x16.jpg,0037-cubist-16x16.jpg,0.917328634055447,same category,36,80.5555555555556%,2522-impressionist-16x16.jpg,2175-impressionist-16x16.jpg,0.9512791237608,same category,36,80.5555555555556%,0498-cubist-16x16.jpg,2450-impressionist-16x16.jpg,0.633928940952712,different categories,68,83.8235294117647%
0442-cubist-16x16.jpg,0167-cubist-16x16.jpg,0.899913465866254,same category,48,79.1666666666667%,1858-impressionist-16x16.jpg,1578-impressionist-16x16.jpg,0.928823601524636,same category,48,79.1666666666667%,0481-cubist-16x16.jpg,1965-impressionist-16x16.jpg,0.46292443646744,different categories,54,83.3333333333333%
1126-cubist-16x16.jpg,0507-cubist-16x16.jpg,0.899928501279482,same category,92,78.2608695652174%,2008-impressionist-16x16.jpg,1524-impressionist-16x16.jpg,0.941781529516573,same category,92,78.2608695652174%,0587-cubist-16x16.jpg,1752-impressionist-16x16.jpg,0.641226215242658,different categories,36,83.3333333333333%
1241-cubist-16x16.jpg,0108-cubist-16x16.jpg,0.879809270157202,same category,36,77.7777777777778%,1800-impressionist-16x16.jpg,1591-impressionist-16x16.jpg,0.907963864136631,same category,90,77.7777777777778%,0430-cubist-16x16.jpg,1305-impressionist-16x16.jpg,0.574043674159870,different categories,18,83.3333333333333%
1219-cubist-16x16.jpg,1211-cubist-16x16.jpg,0.945491100075233,same category,44,77.2727272727273%,2586-impressionist-16x16.jpg,1929-impressionist-16x16.jpg,0.959672459672844,same category,22,77.2727272727273%,0771-cubist-16x16.jpg,1890-impressionist-16x16.jpg,0.678159033848826,different categories,60,83.3333333333333%
1142-cubist-16x16.jpg,0891-cubist-16x16.jpg,0.916058030379440,same category,22,77.2727272727273%,2201-impressionist-16x16.jpg,1875-impressionist-16x16.jpg,0.943049726037669,same category,44,77.2727272727273%,0293-cubist-16x16.jpg,2444-impressionist-16x16.jpg,0.343565816287452,different categories,92,82.6086956521739%
0257-cubist-16x16.jpg,0150-cubist-16x16.jpg,0.869353994754927,same category,52,76.9230769230769%,1631-impressionist-16x16.jpg,1346-impressionist-16x16.jpg,0.912631741274493,same category,90,76.6666666666667%,0870-cubist-16x16.jpg,2142-impressionist-16x16.jpg,0.464515629570388,different categories,92,82.6086956521739%
0699-cubist-16x16.jpg,0639-cubist-16x16.jpg,0.941194309513916,same category,12,75%,2354-impressionist-16x16.jpg,2214-impressionist-16x16.jpg,0.971727668753146,same category,40,75%,0303-cubist-16x16.jpg,1492-impressionist-16x16.jpg,0.630427655767701,different categories,92,81.5217391304348%
0494-cubist-16x16.jpg,0204-cubist-16x16.jpg,0.923781866333195,same category,40,75%,1564-impressionist-16x16.jpg,1421-impressionist-16x16.jpg,0.949008807433509,same category,84,75%,0031-cubist-16x16.jpg,2549-impressionist-16x16.jpg,0.690799210943773,different categories,92,81.5217391304348%
0398-cubist-16x16.jpg,0131-cubist-16x16.jpg,0.901114609178047,same category,92,75%,2291-impressionist-16x16.jpg,1543-impressionist-16x16.jpg,0.914405064189601,same category,44,75%,0250-cubist-16x16.jpg,1833-impressionist-16x16.jpg,0.616215279391186,different categories,54,81.4814814814815%
0695-cubist-16x16.jpg,0689-cubist-16x16.jpg,0.845979554370237,same category,78,74.3589743589744%,1700-impressionist-16x16.jpg,1438-impressionist-16x16.jpg,0.935203738442507,same category,42,73.8095238095238%,0233-cubist-16x16.jpg,1315-impressionist-16x16.jpg,0.723539275429503,different categories,42,80.9523809523809%
1091-cubist-16x16.jpg,1065-cubist-16x16.jpg,0.896288023785678,same category,58,74.1379310344828%,2311-impressionist-16x16.jpg,1932-impressionist-16x16.jpg,0.919226949964297,same category,42,73.8095238095238%,0392-cubist-16x16.jpg,1839-impressionist-16x16.jpg,0.597225409585468,different categories,36,80.5555555555556%
0697-cubist-16x16.jpg,0449-cubist-16x16.jpg,0.852611517065066,same category,44,72.7272727272727%,1809-impressionist-16x16.jpg,1701-impressionist-16x16.jpg,0.948450725282137,same category,62,72.5806451612903%,0680-cubist-16x16.jpg,2232-impressionist-16x16.jpg,0.643354037741674,different categories,36,80.5555555555556%
1136-cubist-16x16.jpg,1046-cubist-16x16.jpg,0.955724649734578,same category,40,72.5%,2241-impressionist-16x16.jpg,1683-impressionist-16x16.jpg,0.949455939836546,same category,46,71.7391304347826%,1292-cubist-16x16.jpg,1496-impressionist-16x16.jpg,0.738226421483075,different categories,48,79.1666666666667%
0262-cubist-16x16.jpg,0027-cubist-16x16.jpg,0.676931044345358,same category,92,71.7391304347826%,2502-impressionist-16x16.jpg,1744-impressionist-16x16.jpg,0.950358574716948,same category,42,71.4285714285714%,0941-cubist-16x16.jpg,2009-impressionist-16x16.jpg,0.747104921326840,different categories,24,79.1666666666667%
1165-cubist-16x16.jpg,0944-cubist-16x16.jpg,0.905927628213983,same category,42,71.4285714285714%,1975-impressionist-16x16.jpg,1406-impressionist-16x16.jpg,0.925134570878638,same category,28,71.4285714285714%,0240-cubist-16x16.jpg,2490-impressionist-16x16.jpg,0.49382859215743,different categories,92,78.2608695652174%
1170-cubist-16x16.jpg,0186-cubist-16x16.jpg,0.967446116524161,same category,92,70.6521739130435%,2417-impressionist-16x16.jpg,1857-impressionist-16x16.jpg,0.732729153864176,same category,92,70.6521739130435%,1103-cubist-16x16.jpg,1328-impressionist-16x16.jpg,0.602476777361832,different categories,92,78.2608695652174%
1236-cubist-16x16.jpg,0200-cubist-16x16.jpg,0.868636041654151,same category,44,70.4545454545455%,1627-impressionist-16x16.jpg,1397-impressionist-16x16.jpg,0.906974679140507,same category,44,70.4545454545455%,0488-cubist-16x16.jpg,2448-impressionist-16x16.jpg,0.571079378129653,different categories,18,77.7777777777778%
0951-cubist-16x16.jpg,0939-cubist-16x16.jpg,0.861454614506104,same category,44,70.4545454545455%,1937-impressionist-16x16.jpg,1548-impressionist-16x16.jpg,0.948903918231596,same category,54,70.3703703703704%,0331-cubist-16x16.jpg,2407-impressionist-16x16.jpg,0.758446416334046,different categories,90,77.7777777777778%
1263-cubist-16x16.jpg,0342-cubist-16x16.jpg,0.879197651000561,same category,56,69.6428571428571%,1806-impressionist-16x16.jpg,1716-impressionist-16x16.jpg,0.928839095994236,same category,92,69.5652173913043%,0345-cubist-16x16.jpg,1360-impressionist-16x16.jpg,0.599019661590726,different categories,22,77.2727272727273%
0833-cubist-16x16.jpg,0075-cubist-16x16.jpg,0.727925627632712,same category,48,68.75%,2504-impressionist-16x16.jpg,1988-impressionist-16x16.jpg,0.943079415331574,same category,44,68.1818181818182%,1061-cubist-16x16.jpg,1749-impressionist-16x16.jpg,0.689130575642282,different categories,44,77.2727272727273%
0103-cubist-16x16.jpg,0025-cubist-16x16.jpg,0.892744952461412,same category,92,68.4782608695652%,2523-impressionist-16x16.jpg,2314-impressionist-16x16.jpg,0.925543693020147,same category,78,67.948717948718%,1100-cubist-16x16.jpg,1375-impressionist-16x16.jpg,0.600424369298195,different categories,22,77.2727272727273%
0789-cubist-16x16.jpg,0614-cubist-16x16.jpg,0.840032575205572,same category,92,68.4782608695652%,2466-impressionist-16x16.jpg,2268-impressionist-16x16.jpg,0.870005525389895,same category,90,67.7777777777778%,0718-cubist-16x16.jpg,2046-impressionist-16x16.jpg,0.587736769459751,different categories,92,77.1739130434783%
1160-cubist-16x16.jpg,0511-cubist-16x16.jpg,0.817426591624875,same category,44,68.1818181818182%,2096-impressionist-16x16.jpg,1751-impressionist-16x16.jpg,0.939626781384505,same category,46,67.3913043478261%,0702-cubist-16x16.jpg,1669-impressionist-16x16.jpg,0.702195573762409,different categories,52,76.9230769230769%
0672-cubist-16x16.jpg,0630-cubist-16x16.jpg,0.648076989141062,same category,88,68.1818181818182%,2255-impressionist-16x16.jpg,2204-impressionist-16x16.jpg,0.960179690326694,same category,36,66.6666666666667%,0957-cubist-16x16.jpg,2503-impressionist-16x16.jpg,0.776180996441641,different categories,78,76.9230769230769%
0510-cubist-16x16.jpg,0210-cubist-16x16.jpg,0.886349434949868,same category,56,67.8571428571429%,1490-impressionist-16x16.jpg,1470-impressionist-16x16.jpg,0.934743674537761,same category,36,66.6666666666667%,0764-cubist-16x16.jpg,2004-impressionist-16x16.jpg,0.51880058520037,different categories,12,75%
1080-cubist-16x16.jpg,0977-cubist-16x16.jpg,0.875529606207007,same category,92,67.3913043478261%,2366-impressionist-16x16.jpg,2188-impressionist-16x16.jpg,0.912874179632994,same category,56,66.0714285714286%,0128-cubist-16x16.jpg,2072-impressionist-16x16.jpg,0.606305608164474,different categories,92,75%
1010-cubist-16x16.jpg,0561-cubist-16x16.jpg,0.619818922400306,same category,92,67.3913043478261%,2588-impressionist-16x16.jpg,1546-impressionist-16x16.jpg,0.926507695568282,same category,44,65.9090909090909%,1141-cubist-16x16.jpg,1582-impressionist-16x16.jpg,0.663941729362404,different categories,84,75%
1216-cubist-16x16.jpg,0348-cubist-16x16.jpg,0.896346316465553,same category,36,66.6666666666667%,1987-impressionist-16x16.jpg,1842-impressionist-16x16.jpg,0.783867696450596,same category,90,65.5555555555556%,0358-cubist-16x16.jpg,1602-impressionist-16x16.jpg,0.579487370894262,different categories,92,75%
0608-cubist-16x16.jpg,0274-cubist-16x16.jpg,0.840980601083961,same category,48,66.6666666666667%,2493-impressionist-16x16.jpg,1675-impressionist-16x16.jpg,0.950573233035562,same category,26,65.3846153846154%,1207-cubist-16x16.jpg,1970-impressionist-16x16.jpg,0.652172290309460,different categories,92,75%
1294-cubist-16x16.jpg,0622-cubist-16x16.jpg,0.912930208743152,same category,38,65.7894736842105%,2269-impressionist-16x16.jpg,1420-impressionist-16x16.jpg,0.966034668277002,same category,46,65.2173913043478%,0049-cubist-16x16.jpg,1754-impressionist-16x16.jpg,0.677250873265449,different categories,60,75%
1048-cubist-16x16.jpg,0969-cubist-16x16.jpg,0.940848604375515,same category,52,65.3846153846154%,2563-impressionist-16x16.jpg,1657-impressionist-16x16.jpg,0.958122630390529,same category,54,62.962962962963%,0229-cubist-16x16.jpg,1427-impressionist-16x16.jpg,0.850937426623172,different categories,58,74.1379310344828%
0824-cubist-16x16.jpg,0139-cubist-16x16.jpg,0.904583919707447,same category,26,65.3846153846154%,2130-impressionist-16x16.jpg,1912-impressionist-16x16.jpg,0.914991144440794,same category,62,62.9032258064516%,0761-cubist-16x16.jpg,2061-impressionist-16x16.jpg,0.68533179026105,different categories,92,73.9130434782609%
1132-cubist-16x16.jpg,0801-cubist-16x16.jpg,0.883129497678349,same category,92,65.2173913043478%,2297-impressionist-16x16.jpg,2185-impressionist-16x16.jpg,0.93158033915724,same category,48,62.5%,0737-cubist-16x16.jpg,2275-impressionist-16x16.jpg,0.607327204598344,different categories,92,73.9130434782609%
0644-cubist-16x16.jpg,0246-cubist-16x16.jpg,0.871222051802869,same category,46,65.2173913043478%,2505-impressionist-16x16.jpg,2197-impressionist-16x16.jpg,0.799887785274354,same category,48,62.5%,0050-cubist-16x16.jpg,2508-impressionist-16x16.jpg,0.891129315403923,different categories,92,73.9130434782609%
0827-cubist-16x16.jpg,0621-cubist-16x16.jpg,0.824066393665573,same category,90,64.4444444444444%,2221-impressionist-16x16.jpg,1998-impressionist-16x16.jpg,0.904551212127335,same category,82,62.1951219512195%,0295-cubist-16x16.jpg,1923-impressionist-16x16.jpg,0.43172974915215,different categories,54,72.2222222222222%
0802-cubist-16x16.jpg,0686-cubist-16x16.jpg,0.670278717547115,same category,90,64.4444444444444%,2018-impressionist-16x16.jpg,1320-impressionist-16x16.jpg,0.738583936340364,same category,92,61.9565217391304%,0800-cubist-16x16.jpg,2295-impressionist-16x16.jpg,0.727196843763785,different categories,36,72.2222222222222%
1253-cubist-16x16.jpg,0438-cubist-16x16.jpg,0.650976525995773,same category,90,64.4444444444444%,2333-impressionist-16x16.jpg,2158-impressionist-16x16.jpg,0.955292253299983,same category,92,60.8695652173913%,0253-cubist-16x16.jpg,1354-impressionist-16x16.jpg,0.640343285678698,different categories,36,72.2222222222222%
1017-cubist-16x16.jpg,0727-cubist-16x16.jpg,0.891036069514170,same category,84,64.2857142857143%,2031-impressionist-16x16.jpg,1902-impressionist-16x16.jpg,0.802705440594585,same category,92,60.8695652173913%,0908-cubist-16x16.jpg,1928-impressionist-16x16.jpg,0.636408467411939,different categories,92,71.7391304347826%
0418-cubist-16x16.jpg,0273-cubist-16x16.jpg,0.857016371547451,same category,38,63.1578947368421%,1731-impressionist-16x16.jpg,1352-impressionist-16x16.jpg,0.948909071516258,same category,84,59.5238095238095%,0291-cubist-16x16.jpg,1526-impressionist-16x16.jpg,0.289057278970662,different categories,92,71.7391304347826%
0377-cubist-16x16.jpg,0021-cubist-16x16.jpg,0.836381226530708,same category,78,62.8205128205128%,2265-impressionist-16x16.jpg,1298-impressionist-16x16.jpg,0.935603352049854,same category,42,59.5238095238095%,1173-cubist-16x16.jpg,2252-impressionist-16x16.jpg,0.859254687679764,different categories,92,71.7391304347826%
0734-cubist-16x16.jpg,0545-cubist-16x16.jpg,0.852164282453391,same category,24,62.5%,2443-impressionist-16x16.jpg,1874-impressionist-16x16.jpg,0.949658061649619,same category,92,58.695652173913%,1275-cubist-16x16.jpg,1945-impressionist-16x16.jpg,0.624626102080589,different categories,42,71.4285714285714%
0635-cubist-16x16.jpg,0046-cubist-16x16.jpg,0.844816939317922,same category,64,62.5%,2482-impressionist-16x16.jpg,1710-impressionist-16x16.jpg,0.973126862333735,same category,12,58.3333333333333%,0844-cubist-16x16.jpg,1768-impressionist-16x16.jpg,0.911519504472974,different categories,90,71.1111111111111%
1210-cubist-16x16.jpg,1144-cubist-16x16.jpg,0.638515078978494,same category,90,62.2222222222222%,1690-impressionist-16x16.jpg,1411-impressionist-16x16.jpg,0.971755785961869,same category,12,58.3333333333333%,0799-cubist-16x16.jpg,2152-impressionist-16x16.jpg,0.576316669351511,different categories,92,70.6521739130435%
0990-cubist-16x16.jpg,0508-cubist-16x16.jpg,0.938172392083410,same category,92,61.9565217391304%,1707-impressionist-16x16.jpg,1668-impressionist-16x16.jpg,0.911415203219179,same category,48,58.3333333333333%,0104-cubist-16x16.jpg,2217-impressionist-16x16.jpg,0.632351155203211,different categories,92,70.6521739130435%
1123-cubist-16x16.jpg,0444-cubist-16x16.jpg,0.868399472293268,same category,44,61.3636363636364%,2138-impressionist-16x16.jpg,1670-impressionist-16x16.jpg,0.738565931162464,same category,26,57.6923076923077%,0062-cubist-16x16.jpg,1300-impressionist-16x16.jpg,0.708259252793799,different categories,44,70.4545454545455%
0429-cubist-16x16.jpg,0245-cubist-16x16.jpg,0.829495173151837,same category,92,60.8695652173913%,2060-impressionist-16x16.jpg,1759-impressionist-16x16.jpg,0.922405868802794,same category,92,57.6086956521739%,1062-cubist-16x16.jpg,2174-impressionist-16x16.jpg,0.902932928939044,different categories,92,69.5652173913043%
1259-cubist-16x16.jpg,1222-cubist-16x16.jpg,0.629468595247894,same category,92,60.8695652173913%,1545-impressionist-16x16.jpg,1483-impressionist-16x16.jpg,0.749560377964624,same category,40,57.5%,0447-cubist-16x16.jpg,2528-impressionist-16x16.jpg,0.875942037973719,different categories,90,68.8888888888889%
1049-cubist-16x16.jpg,0958-cubist-16x16.jpg,0.925103879528316,same category,92,59.7826086956522%,2125-impressionist-16x16.jpg,1471-impressionist-16x16.jpg,0.958772322555681,same category,42,57.1428571428571%,1029-cubist-16x16.jpg,2386-impressionist-16x16.jpg,0.424112949491607,different categories,54,68.5185185185185%
1239-cubist-16x16.jpg,0655-cubist-16x16.jpg,0.855388721417620,same category,82,59.7560975609756%,1766-impressionist-16x16.jpg,1312-impressionist-16x16.jpg,0.945279287458748,same category,50,56%,0804-cubist-16x16.jpg,1651-impressionist-16x16.jpg,0.54169738006664,different categories,92,68.4782608695652%
1159-cubist-16x16.jpg,0632-cubist-16x16.jpg,0.932585183788899,same category,54,59.2592592592593%,2578-impressionist-16x16.jpg,1761-impressionist-16x16.jpg,0.951964960571536,same category,36,55.5555555555556%,0334-cubist-16x16.jpg,2190-impressionist-16x16.jpg,0.891938141522854,different categories,92,68.4782608695652%
0830-cubist-16x16.jpg,0492-cubist-16x16.jpg,0.872403248516289,same category,66,59.0909090909091%,1432-impressionist-16x16.jpg,1396-impressionist-16x16.jpg,0.921171845185694,same category,54,55.5555555555556%,0918-cubist-16x16.jpg,2453-impressionist-16x16.jpg,0.672063196550604,different categories,92,68.4782608695652%
0854-cubist-16x16.jpg,0517-cubist-16x16.jpg,0.872255542992495,same category,66,59.0909090909091%,2394-impressionist-16x16.jpg,1799-impressionist-16x16.jpg,0.881898203538214,same category,90,55.5555555555556%,0756-cubist-16x16.jpg,1854-impressionist-16x16.jpg,0.902252164980619,different categories,92,68.4782608695652%
0378-cubist-16x16.jpg,0097-cubist-16x16.jpg,0.943847635163296,same category,12,58.3333333333333%,2065-impressionist-16x16.jpg,1484-impressionist-16x16.jpg,0.74549741235129,same category,90,55.5555555555556%,1280-cubist-16x16.jpg,2308-impressionist-16x16.jpg,0.706952949309749,different categories,44,68.1818181818182%
0085-cubist-16x16.jpg,0078-cubist-16x16.jpg,0.832560770327819,same category,48,58.3333333333333%,2359-impressionist-16x16.jpg,1852-impressionist-16x16.jpg,0.760704038559674,same category,88,54.5454545454545%,0823-cubist-16x16.jpg,1561-impressionist-16x16.jpg,0.871169504229175,different categories,78,67.948717948718%
1284-cubist-16x16.jpg,0821-cubist-16x16.jpg,0.893803307518303,same category,50,58%,2251-impressionist-16x16.jpg,2222-impressionist-16x16.jpg,0.831063896312801,same category,86,53.4883720930233%,1200-cubist-16x16.jpg,1973-impressionist-16x16.jpg,0.664791394609806,different categories,62,67.741935483871%
0668-cubist-16x16.jpg,0618-cubist-16x16.jpg,0.813426659009376,same category,92,57.6086956521739%,2560-impressionist-16x16.jpg,2228-impressionist-16x16.jpg,0.791292380158258,same category,88,53.4090909090909%,0399-cubist-16x16.jpg,2289-impressionist-16x16.jpg,0.750113031169312,different categories,92,67.3913043478261%
0696-cubist-16x16.jpg,0460-cubist-16x16.jpg,0.908786722847660,same category,42,57.1428571428571%,2521-impressionist-16x16.jpg,1702-impressionist-16x16.jpg,0.763095961336188,same category,90,52.2222222222222%,0578-cubist-16x16.jpg,2170-impressionist-16x16.jpg,0.526911705967260,different categories,92,67.3913043478261%
0783-cubist-16x16.jpg,0659-cubist-16x16.jpg,0.929689594278730,same category,46,56.5217391304348%,2434-impressionist-16x16.jpg,1652-impressionist-16x16.jpg,0.917794344036067,same category,46,52.1739130434783%,0964-cubist-16x16.jpg,2541-impressionist-16x16.jpg,0.904091856481081,different categories,92,67.3913043478261%
1251-cubist-16x16.jpg,0279-cubist-16x16.jpg,0.660978590504537,same category,92,56.5217391304348%,1779-impressionist-16x16.jpg,1355-impressionist-16x16.jpg,0.958081878878606,same category,54,51.8518518518518%,0436-cubist-16x16.jpg,1519-impressionist-16x16.jpg,0.525789530166349,different categories,12,66.6666666666667%
0403-cubist-16x16.jpg,0088-cubist-16x16.jpg,0.724387251665132,same category,86,55.8139534883721%,2384-impressionist-16x16.jpg,2119-impressionist-16x16.jpg,0.988117863828249,same category,38,50%,0966-cubist-16x16.jpg,2592-impressionist-16x16.jpg,0.737763207687234,different categories,48,66.6666666666667%
1131-cubist-16x16.jpg,0070-cubist-16x16.jpg,0.654245384749240,same category,92,55.4347826086957%,1895-impressionist-16x16.jpg,1722-impressionist-16x16.jpg,0.957219997716887,same category,42,50%,0579-cubist-16x16.jpg,1925-impressionist-16x16.jpg,0.526154192992022,different categories,92,66.304347826087%
1215-cubist-16x16.jpg,0907-cubist-16x16.jpg,0.839900339644972,same category,38,55.2631578947368%,1495-impressionist-16x16.jpg,1477-impressionist-16x16.jpg,0.837851816288347,same category,36,50%,0796-cubist-16x16.jpg,1835-impressionist-16x16.jpg,0.655840516006212,different categories,92,66.304347826087%
0633-cubist-16x16.jpg,0221-cubist-16x16.jpg,0.923032998085286,same category,40,55%,2000-impressionist-16x16.jpg,1612-impressionist-16x16.jpg,0.789223421428789,same category,38,50%,1007-cubist-16x16.jpg,1540-impressionist-16x16.jpg,0.871951510606974,different categories,92,66.304347826087%
0784-cubist-16x16.jpg,0203-cubist-16x16.jpg,0.890188889309569,same category,62,54.8387096774194%,2416-impressionist-16x16.jpg,2099-impressionist-16x16.jpg,0.77755179068244,same category,86,50%,0763-cubist-16x16.jpg,1954-impressionist-16x16.jpg,0.631488629095462,different categories,92,66.304347826087%
0806-cubist-16x16.jpg,0626-cubist-16x16.jpg,0.862092046242921,same category,42,54.7619047619048%,2446-impressionist-16x16.jpg,1573-impressionist-16x16.jpg,0.913078538055115,same category,92,47.8260869565217%,0238-cubist-16x16.jpg,2239-impressionist-16x16.jpg,0.731223371424504,different categories,92,66.304347826087%
0704-cubist-16x16.jpg,0170-cubist-16x16.jpg,0.862064930254288,same category,42,54.7619047619048%,2469-impressionist-16x16.jpg,1500-impressionist-16x16.jpg,0.795868493346659,same category,46,47.8260869565217%,0218-cubist-16x16.jpg,2414-impressionist-16x16.jpg,0.894482838247682,different categories,92,66.304347826087%
1183-cubist-16x16.jpg,0206-cubist-16x16.jpg,0.938720130347399,same category,92,54.3478260869565%,2334-impressionist-16x16.jpg,2213-impressionist-16x16.jpg,0.956875339942971,same category,44,47.7272727272727%,0265-cubist-16x16.jpg,1764-impressionist-16x16.jpg,0.719901994552855,different categories,50,66%
1084-cubist-16x16.jpg,0646-cubist-16x16.jpg,0.914819265979917,same category,92,54.3478260869565%,2500-impressionist-16x16.jpg,1968-impressionist-16x16.jpg,0.819630534153941,same category,86,47.6744186046512%,0013-cubist-16x16.jpg,1502-impressionist-16x16.jpg,0.905243577430264,different categories,88,65.9090909090909%
0887-cubist-16x16.jpg,0207-cubist-16x16.jpg,0.863685314478056,same category,46,54.3478260869565%,2400-impressionist-16x16.jpg,1961-impressionist-16x16.jpg,0.921223190925673,same category,92,46.7391304347826%,0280-cubist-16x16.jpg,2104-impressionist-16x16.jpg,0.736231331490284,different categories,82,65.8536585365854%
0472-cubist-16x16.jpg,0357-cubist-16x16.jpg,0.811996927147090,same category,48,54.1666666666667%,1633-impressionist-16x16.jpg,1488-impressionist-16x16.jpg,0.742993874209637,same category,92,45.6521739130435%,0315-cubist-16x16.jpg,2230-impressionist-16x16.jpg,0.645744970756859,different categories,26,65.3846153846154%
0892-cubist-16x16.jpg,0700-cubist-16x16.jpg,0.846117542544285,same category,78,53.8461538461538%,2371-impressionist-16x16.jpg,1813-impressionist-16x16.jpg,0.747523379636423,same category,42,45.2380952380952%,0611-cubist-16x16.jpg,2238-impressionist-16x16.jpg,0.626821657875685,different categories,26,65.3846153846154%
1164-cubist-16x16.jpg,0978-cubist-16x16.jpg,0.961326453342136,same category,92,53.2608695652174%,2518-impressionist-16x16.jpg,2337-impressionist-16x16.jpg,0.902438598808266,same category,82,45.1219512195122%,0679-cubist-16x16.jpg,1788-impressionist-16x16.jpg,0.869787689712163,different categories,78,65.3846153846154%
1058-cubist-16x16.jpg,0932-cubist-16x16.jpg,0.913100912713700,same category,92,53.2608695652174%,1603-impressionist-16x16.jpg,1376-impressionist-16x16.jpg,0.804203478566037,same category,40,45%,0051-cubist-16x16.jpg,1518-impressionist-16x16.jpg,0.423356456119349,different categories,92,65.2173913043478%
1220-cubist-16x16.jpg,1199-cubist-16x16.jpg,0.701620026637221,same category,92,53.2608695652174%,2411-impressionist-16x16.jpg,1323-impressionist-16x16.jpg,0.800488301433741,same category,92,44.5652173913043%,0828-cubist-16x16.jpg,2501-impressionist-16x16.jpg,0.746608428294324,different categories,92,65.2173913043478%
1020-cubist-16x16.jpg,0226-cubist-16x16.jpg,0.827870158711072,same category,36,52.7777777777778%,1666-impressionist-16x16.jpg,1416-impressionist-16x16.jpg,0.786611687622166,same category,92,44.5652173913043%,0209-cubist-16x16.jpg,1853-impressionist-16x16.jpg,0.905066102791095,different categories,92,65.2173913043478%
0402-cubist-16x16.jpg,0127-cubist-16x16.jpg,0.925742738338183,same category,38,52.6315789473684%,1921-impressionist-16x16.jpg,1815-impressionist-16x16.jpg,0.779538626389768,same category,48,43.75%,0716-cubist-16x16.jpg,2208-impressionist-16x16.jpg,0.655350806213749,different categories,92,65.2173913043478%
1003-cubist-16x16.jpg,0996-cubist-16x16.jpg,0.639767055082933,same category,90,52.2222222222222%,2433-impressionist-16x16.jpg,1645-impressionist-16x16.jpg,0.73293296127293,same category,92,43.4782608695652%,0386-cubist-16x16.jpg,2405-impressionist-16x16.jpg,0.893982516409942,different categories,92,65.2173913043478%
1105-cubist-16x16.jpg,0395-cubist-16x16.jpg,0.714754454353597,same category,92,52.1739130434783%,1917-impressionist-16x16.jpg,1380-impressionist-16x16.jpg,0.824823161958059,same category,86,43.0232558139535%,1086-cubist-16x16.jpg,1763-impressionist-16x16.jpg,0.587823196121789,different categories,40,65%
1064-cubist-16x16.jpg,0650-cubist-16x16.jpg,0.905874609201449,same category,48,52.0833333333333%,2041-impressionist-16x16.jpg,1329-impressionist-16x16.jpg,0.764610527772274,same category,52,42.3076923076923%,0582-cubist-16x16.jpg,1516-impressionist-16x16.jpg,0.624232849362123,different categories,42,64.2857142857143%
1009-cubist-16x16.jpg,0514-cubist-16x16.jpg,0.852905221398930,same category,48,52.0833333333333%,2132-impressionist-16x16.jpg,1440-impressionist-16x16.jpg,0.784864121315064,same category,90,42.2222222222222%,0886-cubist-16x16.jpg,1585-impressionist-16x16.jpg,0.89238550541881,different categories,92,64.1304347826087%
1254-cubist-16x16.jpg,1071-cubist-16x16.jpg,0.855612663801274,same category,82,51.219512195122%,2335-impressionist-16x16.jpg,1365-impressionist-16x16.jpg,0.902141057228713,same category,48,41.6666666666667%,0356-cubist-16x16.jpg,1319-impressionist-16x16.jpg,0.671665957990542,different categories,92,64.1304347826087%
1077-cubist-16x16.jpg,0889-cubist-16x16.jpg,0.826854759180708,same category,90,51.1111111111111%,1832-impressionist-16x16.jpg,1514-impressionist-16x16.jpg,0.816817085325581,same category,92,41.304347826087%,0076-cubist-16x16.jpg,2260-impressionist-16x16.jpg,0.926877450892070,different categories,92,64.1304347826087%
1125-cubist-16x16.jpg,0487-cubist-16x16.jpg,0.857165109952340,same category,92,51.0869565217391%,2194-impressionist-16x16.jpg,1359-impressionist-16x16.jpg,0.816505707049128,same category,92,40.2173913043478%,0581-cubist-16x16.jpg,2286-impressionist-16x16.jpg,0.59526973898225,different categories,36,63.8888888888889%
1163-cubist-16x16.jpg,0187-cubist-16x16.jpg,0.982236504514392,same category,54,50%,2134-impressionist-16x16.jpg,1608-impressionist-16x16.jpg,0.742325922266756,same category,40,40%,1233-cubist-16x16.jpg,1405-impressionist-16x16.jpg,0.69860469570096,different categories,66,63.6363636363636%
,,,,,,,,,,,,1098-cubist-16x16.jpg,1866-impressionist-16x16.jpg,0.689331199221987,different categories,44,63.6363636363636%
,,,,,,,,,,,,0835-cubist-16x16.jpg,1822-impressionist-16x16.jpg,0.708348688565200,different categories,44,63.6363636363636%
,,,,,,,,,,,,0814-cubist-16x16.jpg,1622-impressionist-16x16.jpg,0.768081209706297,different categories,90,63.3333333333333%
,,,,,,,,,,,,1268-cubist-16x16.jpg,2515-impressionist-16x16.jpg,0.862671756470581,different categories,92,63.0434782608696%
,,,,,,,,,,,,0725-cubist-16x16.jpg,2137-impressionist-16x16.jpg,0.691376558157415,different categories,92,63.0434782608696%
,,,,,,,,,,,,1102-cubist-16x16.jpg,2473-impressionist-16x16.jpg,0.901868962602133,different categories,92,63.0434782608696%
,,,,,,,,,,,,0676-cubist-16x16.jpg,1419-impressionist-16x16.jpg,0.915903879154129,different categories,86,62.7906976744186%
,,,,,,,,,,,,0056-cubist-16x16.jpg,1681-impressionist-16x16.jpg,0.846466861108738,different categories,58,62.0689655172414%
,,,,,,,,,,,,0448-cubist-16x16.jpg,1717-impressionist-16x16.jpg,0.662458822798577,different categories,84,61.9047619047619%
,,,,,,,,,,,,0860-cubist-16x16.jpg,1601-impressionist-16x16.jpg,0.887968889104493,different categories,86,61.6279069767442%
,,,,,,,,,,,,1218-cubist-16x16.jpg,2108-impressionist-16x16.jpg,0.646343285927786,different categories,26,61.5384615384615%
,,,,,,,,,,,,0909-cubist-16x16.jpg,1851-impressionist-16x16.jpg,0.726640224147694,different categories,36,61.1111111111111%
,,,,,,,,,,,,0160-cubist-16x16.jpg,2223-impressionist-16x16.jpg,0.632024242672852,different categories,92,60.8695652173913%
,,,,,,,,,,,,0453-cubist-16x16.jpg,2109-impressionist-16x16.jpg,0.935396935235192,different categories,92,60.8695652173913%
,,,,,,,,,,,,0645-cubist-16x16.jpg,2111-impressionist-16x16.jpg,0.942008907072202,different categories,92,60.8695652173913%
,,,,,,,,,,,,1140-cubist-16x16.jpg,2263-impressionist-16x16.jpg,0.897424940599827,different categories,92,60.8695652173913%
,,,,,,,,,,,,1267-cubist-16x16.jpg,2421-impressionist-16x16.jpg,0.939177128193663,different categories,92,60.8695652173913%
,,,,,,,,,,,,0043-cubist-16x16.jpg,2229-impressionist-16x16.jpg,0.773533750572971,different categories,78,60.2564102564103%
,,,,,,,,,,,,0649-cubist-16x16.jpg,1774-impressionist-16x16.jpg,0.905646596954908,different categories,88,60.2272727272727%
,,,,,,,,,,,,1073-cubist-16x16.jpg,1479-impressionist-16x16.jpg,0.887268668235508,different categories,92,59.7826086956522%
,,,,,,,,,,,,0105-cubist-16x16.jpg,2087-impressionist-16x16.jpg,0.934709750505642,different categories,92,59.7826086956522%
,,,,,,,,,,,,0355-cubist-16x16.jpg,2135-impressionist-16x16.jpg,0.568259640195359,different categories,92,59.7826086956522%
,,,,,,,,,,,,1066-cubist-16x16.jpg,1870-impressionist-16x16.jpg,0.934475925152737,different categories,92,59.7826086956522%
,,,,,,,,,,,,0566-cubist-16x16.jpg,1689-impressionist-16x16.jpg,0.877449498446052,different categories,90,58.8888888888889%
,,,,,,,,,,,,0148-cubist-16x16.jpg,2519-impressionist-16x16.jpg,0.899938887014176,different categories,92,58.695652173913%
,,,,,,,,,,,,1130-cubist-16x16.jpg,1882-impressionist-16x16.jpg,0.926661511497061,different categories,92,58.695652173913%
,,,,,,,,,,,,0163-cubist-16x16.jpg,2437-impressionist-16x16.jpg,0.903949308542222,different categories,92,58.695652173913%
,,,,,,,,,,,,0522-cubist-16x16.jpg,2157-impressionist-16x16.jpg,0.873794789451209,different categories,62,58.0645161290323%
,,,,,,,,,,,,0048-cubist-16x16.jpg,1403-impressionist-16x16.jpg,0.754838907874913,different categories,92,57.6086956521739%
,,,,,,,,,,,,0665-cubist-16x16.jpg,1588-impressionist-16x16.jpg,0.898082868543551,different categories,92,57.6086956521739%
,,,,,,,,,,,,0656-cubist-16x16.jpg,2514-impressionist-16x16.jpg,0.894608446905016,different categories,92,57.6086956521739%
,,,,,,,,,,,,0549-cubist-16x16.jpg,1428-impressionist-16x16.jpg,0.906541013193338,different categories,92,57.6086956521739%
,,,,,,,,,,,,0935-cubist-16x16.jpg,2306-impressionist-16x16.jpg,0.913619818550136,different categories,86,56.9767441860465%
,,,,,,,,,,,,0302-cubist-16x16.jpg,2016-impressionist-16x16.jpg,0.566870457781457,different categories,30,56.6666666666667%
,,,,,,,,,,,,0701-cubist-16x16.jpg,1581-impressionist-16x16.jpg,0.869228580701069,different categories,92,56.5217391304348%
,,,,,,,,,,,,0199-cubist-16x16.jpg,2261-impressionist-16x16.jpg,0.875648087742993,different categories,92,56.5217391304348%
,,,,,,,,,,,,0474-cubist-16x16.jpg,1741-impressionist-16x16.jpg,0.9443137089715,different categories,92,56.5217391304348%
,,,,,,,,,,,,1295-cubist-16x16.jpg,1938-impressionist-16x16.jpg,0.875163951407250,different categories,92,56.5217391304348%
,,,,,,,,,,,,1188-cubist-16x16.jpg,1743-impressionist-16x16.jpg,0.883260070626163,different categories,92,56.5217391304348%
,,,,,,,,,,,,0077-cubist-16x16.jpg,2192-impressionist-16x16.jpg,0.867040316005211,different categories,78,56.4102564102564%
,,,,,,,,,,,,1191-cubist-16x16.jpg,1695-impressionist-16x16.jpg,0.726046764334567,different categories,92,55.4347826086957%
,,,,,,,,,,,,0956-cubist-16x16.jpg,1679-impressionist-16x16.jpg,0.91894823337907,different categories,92,55.4347826086957%
,,,,,,,,,,,,0142-cubist-16x16.jpg,1449-impressionist-16x16.jpg,0.915966166592279,different categories,92,55.4347826086957%
,,,,,,,,,,,,0602-cubist-16x16.jpg,2516-impressionist-16x16.jpg,0.934143386509025,different categories,92,55.4347826086957%
,,,,,,,,,,,,0847-cubist-16x16.jpg,2458-impressionist-16x16.jpg,0.669655036554032,different categories,56,55.3571428571429%
,,,,,,,,,,,,1287-cubist-16x16.jpg,2249-impressionist-16x16.jpg,0.783382892285034,different categories,78,55.1282051282051%
,,,,,,,,,,,,0047-cubist-16x16.jpg,2566-impressionist-16x16.jpg,0.699481541551301,different categories,66,54.5454545454545%
,,,,,,,,,,,,0394-cubist-16x16.jpg,1589-impressionist-16x16.jpg,0.923730814500376,different categories,88,54.5454545454545%
,,,,,,,,,,,,0979-cubist-16x16.jpg,1353-impressionist-16x16.jpg,0.88350995522208,different categories,92,54.3478260869565%
,,,,,,,,,,,,0164-cubist-16x16.jpg,1719-impressionist-16x16.jpg,0.928133552264237,different categories,92,54.3478260869565%
,,,,,,,,,,,,1179-cubist-16x16.jpg,2428-impressionist-16x16.jpg,0.900787645726211,different categories,92,54.3478260869565%
,,,,,,,,,,,,0081-cubist-16x16.jpg,2572-impressionist-16x16.jpg,0.928310948400386,different categories,92,54.3478260869565%
,,,,,,,,,,,,0255-cubist-16x16.jpg,2005-impressionist-16x16.jpg,0.443935043091968,different categories,54,53.7037037037037%
,,,,,,,,,,,,0512-cubist-16x16.jpg,1361-impressionist-16x16.jpg,0.884901359358429,different categories,90,53.3333333333333%
,,,,,,,,,,,,0140-cubist-16x16.jpg,2332-impressionist-16x16.jpg,0.762993516072997,different categories,90,53.3333333333333%
,,,,,,,,,,,,1119-cubist-16x16.jpg,1821-impressionist-16x16.jpg,0.930164366940841,different categories,90,53.3333333333333%
,,,,,,,,,,,,0028-cubist-16x16.jpg,2381-impressionist-16x16.jpg,0.913225671384506,different categories,92,53.2608695652174%
,,,,,,,,,,,,0443-cubist-16x16.jpg,1673-impressionist-16x16.jpg,0.939770253835069,different categories,92,53.2608695652174%
,,,,,,,,,,,,0231-cubist-16x16.jpg,1392-impressionist-16x16.jpg,0.933311609901592,different categories,92,53.2608695652174%
,,,,,,,,,,,,0115-cubist-16x16.jpg,1948-impressionist-16x16.jpg,0.589138029075298,different categories,40,52.5%
,,,,,,,,,,,,0026-cubist-16x16.jpg,1567-impressionist-16x16.jpg,0.880779362474192,different categories,82,52.4390243902439%
,,,,,,,,,,,,0040-cubist-16x16.jpg,1692-impressionist-16x16.jpg,0.889978391843004,different categories,86,52.3255813953488%
,,,,,,,,,,,,0107-cubist-16x16.jpg,1981-impressionist-16x16.jpg,0.888073587388010,different categories,86,52.3255813953488%
,,,,,,,,,,,,0094-cubist-16x16.jpg,2567-impressionist-16x16.jpg,0.921030928544936,different categories,90,52.2222222222222%
,,,,,,,,,,,,0922-cubist-16x16.jpg,1327-impressionist-16x16.jpg,0.887013049530691,different categories,90,52.2222222222222%
,,,,,,,,,,,,0412-cubist-16x16.jpg,1586-impressionist-16x16.jpg,0.918232536740837,different categories,92,52.1739130434783%
,,,,,,,,,,,,1172-cubist-16x16.jpg,1897-impressionist-16x16.jpg,0.937623893666529,different categories,92,52.1739130434783%
,,,,,,,,,,,,0551-cubist-16x16.jpg,2476-impressionist-16x16.jpg,0.907238533738230,different categories,92,52.1739130434783%
,,,,,,,,,,,,1075-cubist-16x16.jpg,1873-impressionist-16x16.jpg,0.935700901424663,different categories,92,52.1739130434783%
,,,,,,,,,,,,0004-cubist-16x16.jpg,2120-impressionist-16x16.jpg,0.939912488202041,different categories,92,52.1739130434783%
,,,,,,,,,,,,1257-cubist-16x16.jpg,1437-impressionist-16x16.jpg,0.88109982949383,different categories,82,51.219512195122%
,,,,,,,,,,,,0234-cubist-16x16.jpg,1387-impressionist-16x16.jpg,0.90085940578042,different categories,92,51.0869565217391%
,,,,,,,,,,,,1112-cubist-16x16.jpg,1625-impressionist-16x16.jpg,0.896462049467235,different categories,92,51.0869565217391%
,,,,,,,,,,,,1235-cubist-16x16.jpg,2312-impressionist-16x16.jpg,0.835514104460409,different categories,58,50%
,,,,,,,,,,,,1108-cubist-16x16.jpg,2210-impressionist-16x16.jpg,0.889235586736412,different categories,92,50%
,,,,,,,,,,,,0537-cubist-16x16.jpg,2369-impressionist-16x16.jpg,0.902380747933186,different categories,92,50%
,,,,,,,,,,,,1055-cubist-16x16.jpg,2587-impressionist-16x16.jpg,0.930778202345604,different categories,90,50%
,,,,,,,,,,,,0937-cubist-16x16.jpg,1351-impressionist-16x16.jpg,0.944054208507079,different categories,92,50%
,,,,,,,,,,,,0232-cubist-16x16.jpg,2356-impressionist-16x16.jpg,0.559118730697400,different categories,30,50%
,,,,,,,,,,,,0952-cubist-16x16.jpg,1964-impressionist-16x16.jpg,0.886947172111009,different categories,90,50%
,,,,,,,,,,,,0006-cubist-16x16.jpg,1429-impressionist-16x16.jpg,0.892596759476987,different categories,92,50%
,,,,,,,,,,,,0175-cubist-16x16.jpg,1966-impressionist-16x16.jpg,0.912364787135952,different categories,86,50%
,,,,,,,,,,,,0478-cubist-16x16.jpg,2506-impressionist-16x16.jpg,0.938562953250987,different categories,92,50%
,,,,,,,,,,,,0473-cubist-16x16.jpg,2236-impressionist-16x16.jpg,0.880638751868452,different categories,92,48.9130434782609%
,,,,,,,,,,,,0850-cubist-16x16.jpg,2568-impressionist-16x16.jpg,0.906960697960744,different categories,92,48.9130434782609%
,,,,,,,,,,,,0881-cubist-16x16.jpg,2542-impressionist-16x16.jpg,0.919565722137527,different categories,92,48.9130434782609%
,,,,,,,,,,,,0883-cubist-16x16.jpg,2292-impressionist-16x16.jpg,0.770186269891151,different categories,92,48.9130434782609%
,,,,,,,,,,,,0917-cubist-16x16.jpg,2257-impressionist-16x16.jpg,0.901585858875204,different categories,92,48.9130434782609%
,,,,,,,,,,,,0217-cubist-16x16.jpg,2191-impressionist-16x16.jpg,0.911943030793697,different categories,92,48.9130434782609%
,,,,,,,,,,,,0982-cubist-16x16.jpg,2393-impressionist-16x16.jpg,0.925572405455035,different categories,92,48.9130434782609%
,,,,,,,,,,,,1063-cubist-16x16.jpg,1436-impressionist-16x16.jpg,0.923370774679017,different categories,88,48.8636363636364%
,,,,,,,,,,,,0216-cubist-16x16.jpg,2579-impressionist-16x16.jpg,0.930976496311652,different categories,92,47.8260869565217%
,,,,,,,,,,,,0859-cubist-16x16.jpg,2309-impressionist-16x16.jpg,0.929475726575752,different categories,92,47.8260869565217%
,,,,,,,,,,,,0202-cubist-16x16.jpg,2585-impressionist-16x16.jpg,0.935002113141632,different categories,92,47.8260869565217%
,,,,,,,,,,,,0414-cubist-16x16.jpg,1703-impressionist-16x16.jpg,0.921712104915694,different categories,90,47.7777777777778%
,,,,,,,,,,,,1185-cubist-16x16.jpg,2256-impressionist-16x16.jpg,0.943201810549390,different categories,92,46.7391304347826%